Data,Temperatura
2016/04/23 20:32:48,22.37
2016/04/23 20:33:47,22.31
2016/04/23 20:34:47,22.37
2016/04/23 20:35:47,22.31
2016/04/23 20:36:48,22.31
2016/04/23 20:37:47,22.31
2016/04/23 20:38:47,22.31
2016/04/23 20:39:47,22.31
2016/04/23 20:40:48,22.31
2016/04/23 20:41:47,22.31
2016/04/23 20:42:48,22.31
2016/04/23 20:43:47,22.31
2016/04/23 20:45:46,22.56
2016/04/23 20:46:46,22.50
2016/04/23 20:47:46,22.50
2016/04/23 20:48:46,22.44
2016/04/23 20:49:46,22.44
2016/04/23 20:50:46,22.37
2016/04/23 20:51:47,22.31
2016/04/23 20:52:46,22.31
2016/04/23 20:53:46,22.31
2016/04/23 20:54:46,22.31
2016/04/23 20:55:46,22.31
2016/04/23 20:56:46,22.25
2016/04/23 20:57:46,22.25
2016/04/23 20:58:46,22.25
2016/04/23 20:59:47,22.25
2016/04/23 21:00:47,22.25
2016/04/23 21:01:46,22.25
2016/04/23 21:02:46,22.25
2016/04/23 21:03:46,22.25
2016/04/23 21:04:46,22.25
2016/04/23 21:05:46,22.19
2016/04/23 21:06:46,22.19
2016/04/23 21:07:46,22.19
2016/04/23 21:08:47,22.19
2016/04/23 21:09:47,22.19
2016/04/23 21:10:47,22.19
2016/04/23 21:11:46,22.19
2016/04/23 21:12:46,22.19
2016/04/23 21:13:46,22.19
2016/04/23 21:14:46,22.19
2016/04/23 21:15:46,22.19
2016/04/23 21:16:46,22.19
2016/04/23 21:17:46,22.19
2016/04/23 21:18:46,22.19
2016/04/23 21:19:46,22.19
2016/04/23 21:20:46,22.19
2016/04/23 21:21:46,22.12
2016/04/23 21:22:46,22.19
2016/04/23 21:23:46,22.19
2016/04/23 21:24:46,22.12
2016/04/23 21:25:46,22.12
2016/04/23 21:26:47,22.12
2016/04/23 21:27:46,22.19
2016/04/23 21:28:46,22.12
2016/04/23 21:29:46,22.12
2016/04/23 21:30:47,22.12
2016/04/23 21:31:47,22.12
2016/04/23 21:32:47,22.19
2016/04/23 21:33:46,22.19
2016/04/23 21:34:47,22.19
2016/04/23 21:35:47,22.19
2016/04/23 21:36:47,22.19
2016/04/23 21:37:46,22.19
2016/04/23 21:38:47,22.12
2016/04/23 21:39:46,22.12
2016/04/23 21:40:46,22.12
2016/04/23 21:41:46,22.19
2016/04/23 21:42:47,22.12
2016/04/23 21:43:46,22.12
2016/04/23 21:44:46,22.12
2016/04/23 21:45:46,22.12
2016/04/23 21:46:46,22.12
2016/04/23 21:47:46,22.12
2016/04/23 21:48:46,22.12
2016/04/23 21:49:46,22.12
2016/04/23 21:50:46,22.12
2016/04/23 21:51:46,22.12
2016/04/23 21:52:46,22.12
2016/04/23 21:53:46,22.12
2016/04/23 21:54:46,22.12
2016/04/23 21:55:46,22.12
2016/04/23 21:56:46,22.12
2016/04/23 21:57:46,22.06
2016/04/23 21:58:46,22.12
2016/04/23 21:59:46,22.12
2016/04/23 22:00:46,22.12
2016/04/23 22:01:46,22.12
2016/04/23 22:02:46,22.12
2016/04/23 22:03:46,22.06
2016/04/23 22:04:46,22.12
2016/04/23 22:05:46,22.06
2016/04/23 22:06:46,22.06
2016/04/23 22:07:46,22.12
2016/04/23 22:08:46,22.12
2016/04/23 22:09:46,22.06
2016/04/23 22:10:46,22.06
2016/04/23 22:11:46,22.06
2016/04/23 22:12:46,22.06
2016/04/23 22:13:46,22.06
2016/04/23 22:14:46,22.12
2016/04/23 22:15:46,22.06
2016/04/23 22:16:47,22.06
2016/04/23 22:17:46,22.06
2016/04/23 22:18:46,22.06
2016/04/23 22:19:47,22.06
2016/04/23 22:20:46,22.06
2016/04/23 22:21:47,22.06
2016/04/23 22:22:47,22.06
2016/04/23 22:23:46,22.06
2016/04/23 22:24:47,22.06
2016/04/23 22:25:47,22.12
2016/04/23 22:26:47,22.12
2016/04/23 22:27:46,22.12
2016/04/23 22:28:46,22.06
2016/04/23 22:29:47,22.06
2016/04/23 22:30:47,22.06
2016/04/23 22:31:46,22.06
2016/04/23 22:32:47,22.06
2016/04/23 22:33:47,22.06
2016/04/23 22:34:47,22.06
2016/04/23 22:35:47,22.06
2016/04/23 22:36:47,22.06
2016/04/23 22:37:46,22.06
2016/04/23 22:38:47,22.06
2016/04/23 22:39:47,22.06
2016/04/23 22:40:46,22.06
2016/04/23 22:41:46,22.06
2016/04/23 22:42:46,22.06
2016/04/23 22:43:46,22.06
2016/04/23 22:44:46,22.06
2016/04/23 22:45:46,22.06
2016/04/23 22:46:46,22.06
2016/04/23 22:47:46,22.06
2016/04/23 22:48:46,22.06
2016/04/23 22:49:46,22.06
2016/04/23 22:50:46,22.06
2016/04/23 22:51:46,22.00
2016/04/23 22:52:46,22.06
2016/04/23 22:53:46,22.06
2016/04/23 22:54:46,22.06
2016/04/23 22:55:46,22.06
2016/04/23 22:56:46,22.06
2016/04/23 22:57:46,22.06
2016/04/23 22:58:46,22.06
2016/04/23 22:59:46,22.06
2016/04/23 23:00:46,22.06
2016/04/23 23:01:46,22.06
2016/04/23 23:02:46,22.06
2016/04/23 23:03:46,22.00
2016/04/23 23:04:46,22.06
2016/04/23 23:05:46,22.06
2016/04/23 23:06:46,22.00
2016/04/23 23:07:46,22.06
2016/04/23 23:08:46,22.06
2016/04/23 23:09:46,22.00
2016/04/23 23:10:46,22.00
2016/04/23 23:11:46,22.00
2016/04/23 23:12:46,22.00
2016/04/23 23:13:46,22.06
2016/04/23 23:14:46,22.06
2016/04/23 23:15:46,22.00
2016/04/23 23:16:46,22.00
2016/04/23 23:17:46,22.00
2016/04/23 23:18:46,22.00
2016/04/23 23:19:46,22.06
2016/04/23 23:20:46,22.00
2016/04/23 23:21:46,22.00
2016/04/23 23:22:46,22.00
2016/04/23 23:23:46,22.00
2016/04/23 23:24:46,22.00
2016/04/23 23:25:46,22.00
2016/04/23 23:26:46,22.00
2016/04/23 23:27:46,22.00
2016/04/23 23:28:46,22.00
2016/04/23 23:29:46,22.00
2016/04/23 23:30:46,22.00
2016/04/23 23:31:46,22.00
2016/04/23 23:32:46,22.00
2016/04/23 23:33:47,22.00
2016/04/23 23:34:46,22.00
2016/04/23 23:35:47,22.00
2016/04/23 23:36:46,22.00
2016/04/23 23:37:46,22.00
2016/04/23 23:38:46,22.06
2016/04/23 23:39:46,22.00
2016/04/23 23:40:47,22.00
2016/04/23 23:41:47,22.00
2016/04/23 23:42:46,22.00
2016/04/23 23:43:46,22.00
2016/04/23 23:44:47,22.00
2016/04/23 23:45:47,22.00
2016/04/23 23:46:47,22.00
2016/04/23 23:47:46,22.00
2016/04/23 23:48:46,22.00
2016/04/23 23:49:46,22.00
2016/04/23 23:50:47,22.00
2016/04/23 23:51:47,22.00
2016/04/23 23:52:47,22.00
2016/04/23 23:53:47,21.94
2016/04/23 23:54:46,22.00
2016/04/23 23:55:47,22.00
2016/04/23 23:56:47,22.00
2016/04/23 23:57:47,22.00
2016/04/23 23:58:47,22.00
2016/04/23 23:59:47,22.00
2016/04/24 00:00:47,22.00
2016/04/24 00:01:47,22.00
2016/04/24 00:02:47,22.00
2016/04/24 00:03:47,22.00
2016/04/24 00:04:46,22.00
2016/04/24 00:05:47,22.00
2016/04/24 00:06:47,22.00
2016/04/24 00:07:47,22.00
2016/04/24 00:08:47,22.00
2016/04/24 00:09:47,21.94
2016/04/24 00:10:47,22.00
2016/04/24 00:11:47,21.94
2016/04/24 00:12:47,22.00
2016/04/24 00:13:47,21.94
2016/04/24 00:14:47,22.00
2016/04/24 00:15:46,22.00
2016/04/24 00:16:46,22.00
2016/04/24 00:17:47,21.94
2016/04/24 00:18:47,21.94
2016/04/24 00:19:47,21.94
2016/04/24 00:20:47,21.94
2016/04/24 00:21:47,22.00
2016/04/24 00:22:47,22.00
2016/04/24 00:23:46,21.94
2016/04/24 00:24:47,22.00
2016/04/24 00:25:47,22.00
2016/04/24 00:26:47,22.00
2016/04/24 00:27:46,22.00
2016/04/24 00:28:47,21.94
2016/04/24 00:29:46,21.94
2016/04/24 00:30:46,21.94
2016/04/24 00:31:46,21.94
2016/04/24 00:32:46,21.94
2016/04/24 00:33:46,22.00
2016/04/24 00:34:46,21.94
2016/04/24 00:35:46,21.94
2016/04/24 00:36:46,21.94
2016/04/24 00:37:46,22.00
2016/04/24 00:38:47,22.00
2016/04/24 00:39:47,21.94
2016/04/24 00:40:46,21.94
2016/04/24 00:41:46,21.94
2016/04/24 00:42:47,21.94
2016/04/24 00:43:47,21.94
2016/04/24 00:44:46,22.00
2016/04/24 00:45:46,21.94
2016/04/24 00:46:47,21.94
2016/04/24 00:47:46,21.94
2016/04/24 00:48:47,21.94
2016/04/24 00:49:46,21.94
2016/04/24 00:50:47,21.94
2016/04/24 00:51:46,21.94
2016/04/24 00:52:47,21.94
2016/04/24 00:53:46,21.94
2016/04/24 00:54:46,21.94
2016/04/24 00:55:46,21.94
2016/04/24 00:56:46,21.94
2016/04/24 00:57:46,21.94
2016/04/24 00:58:46,21.87
2016/04/24 00:59:46,21.94
2016/04/24 01:00:46,21.94
2016/04/24 01:01:46,21.94
2016/04/24 01:02:46,21.94
2016/04/24 01:03:46,21.94
2016/04/24 01:04:46,21.94
2016/04/24 01:05:46,21.94
2016/04/24 01:06:46,21.94
2016/04/24 01:07:46,21.94
2016/04/24 01:08:46,21.94
2016/04/24 01:09:46,21.94
2016/04/24 01:10:46,21.94
2016/04/24 01:11:46,21.94
2016/04/24 01:12:46,21.94
2016/04/24 01:13:46,21.94
2016/04/24 01:14:46,21.94
2016/04/24 01:15:46,21.94
2016/04/24 01:16:46,21.94
2016/04/24 01:17:46,21.94
2016/04/24 01:18:46,21.94
2016/04/24 01:19:46,21.94
2016/04/24 01:20:46,21.94
2016/04/24 01:21:46,21.94
2016/04/24 01:22:46,21.94
2016/04/24 01:23:46,21.94
2016/04/24 01:24:46,21.94
2016/04/24 01:25:46,21.87
2016/04/24 01:26:46,21.94
2016/04/24 01:27:46,21.94
2016/04/24 01:28:46,21.94
2016/04/24 01:29:46,21.94
2016/04/24 01:30:46,21.94
2016/04/24 01:31:46,21.87
2016/04/24 01:32:46,21.87
2016/04/24 01:33:46,21.94
2016/04/24 01:34:46,21.87
2016/04/24 01:35:46,21.87
2016/04/24 01:36:46,21.94
2016/04/24 01:37:46,21.87
2016/04/24 01:38:46,21.87
2016/04/24 01:39:46,21.87
2016/04/24 01:40:46,21.87
2016/04/24 01:41:46,21.87
2016/04/24 01:42:46,21.87
2016/04/24 01:43:46,21.87
2016/04/24 01:44:46,21.87
2016/04/24 01:45:46,21.87
2016/04/24 01:46:46,21.87
2016/04/24 01:47:46,21.94
2016/04/24 01:48:46,21.87
2016/04/24 01:49:46,21.87
2016/04/24 01:50:46,21.87
2016/04/24 01:51:46,21.87
2016/04/24 01:52:46,21.87
2016/04/24 01:53:46,21.87
2016/04/24 01:54:46,21.87
2016/04/24 01:55:46,21.87
2016/04/24 01:56:46,21.94
2016/04/24 01:57:47,21.87
2016/04/24 01:58:46,21.87
2016/04/24 01:59:46,21.87
2016/04/24 02:00:46,21.87
2016/04/24 02:01:46,21.94
2016/04/24 02:02:46,21.87
2016/04/24 02:03:46,21.87
2016/04/24 02:04:46,21.87
2016/04/24 02:05:46,21.87
2016/04/24 02:06:46,21.87
2016/04/24 02:07:46,21.94
2016/04/24 02:08:46,21.87
2016/04/24 02:09:46,21.87
2016/04/24 02:10:46,21.87
2016/04/24 02:11:46,21.87
2016/04/24 02:12:46,21.87
2016/04/24 02:13:46,21.87
2016/04/24 02:14:46,21.87
2016/04/24 02:15:46,21.87
2016/04/24 02:16:46,21.87
2016/04/24 02:17:46,21.94
2016/04/24 02:18:47,21.87
2016/04/24 02:19:46,21.87
2016/04/24 02:20:46,21.87
2016/04/24 02:21:46,21.87
2016/04/24 02:22:46,21.87
2016/04/24 02:23:47,21.87
2016/04/24 02:24:46,21.87
2016/04/24 02:25:47,21.87
2016/04/24 02:26:47,21.87
2016/04/24 02:27:46,21.87
2016/04/24 02:28:47,21.87
2016/04/24 02:29:47,21.87
2016/04/24 02:30:46,21.87
2016/04/24 02:31:47,21.81
2016/04/24 02:32:47,21.87
2016/04/24 02:33:46,21.87
2016/04/24 02:34:46,21.87
2016/04/24 02:35:47,21.87
2016/04/24 02:36:47,21.87
2016/04/24 02:37:47,21.87
2016/04/24 02:38:46,21.87
2016/04/24 02:39:47,21.87
2016/04/24 02:40:46,21.87
2016/04/24 02:41:47,21.87
2016/04/24 02:42:47,21.87
2016/04/24 02:43:47,21.87
2016/04/24 02:44:46,21.81
2016/04/24 02:45:46,21.87
2016/04/24 02:46:47,21.81
2016/04/24 02:47:47,21.81
2016/04/24 02:48:46,21.81
2016/04/24 02:49:46,21.81
2016/04/24 02:50:47,21.87
2016/04/24 02:51:46,21.87
2016/04/24 02:52:47,21.87
2016/04/24 02:53:47,21.81
2016/04/24 02:54:47,21.81
2016/04/24 02:55:47,21.81
2016/04/24 02:56:47,21.87
2016/04/24 02:57:47,21.81
2016/04/24 02:58:46,21.81
2016/04/24 02:59:46,21.87
2016/04/24 03:00:47,21.81
2016/04/24 03:01:47,21.81
2016/04/24 03:02:46,21.81
2016/04/24 03:03:47,21.81
2016/04/24 03:04:46,21.81
2016/04/24 03:05:46,21.81
2016/04/24 03:06:47,21.81
2016/04/24 03:07:47,21.81
2016/04/24 03:08:47,21.81
2016/04/24 03:09:47,21.81
2016/04/24 03:10:47,21.81
2016/04/24 03:11:46,21.81
2016/04/24 03:12:46,21.81
2016/04/24 03:13:46,21.75
2016/04/24 03:14:47,21.81
2016/04/24 03:15:46,21.81
2016/04/24 03:16:46,21.81
2016/04/24 03:17:46,21.81
2016/04/24 03:18:47,21.81
2016/04/24 03:19:46,21.81
2016/04/24 03:20:46,21.81
2016/04/24 03:21:46,21.75
2016/04/24 03:22:46,21.81
2016/04/24 03:23:47,21.81
2016/04/24 03:24:46,21.81
2016/04/24 03:25:46,21.81
2016/04/24 03:26:46,21.81
2016/04/24 03:27:46,21.75
2016/04/24 03:28:46,21.75
2016/04/24 03:29:46,21.81
2016/04/24 03:30:46,21.81
2016/04/24 03:31:46,21.75
2016/04/24 03:32:46,21.75
2016/04/24 03:33:46,21.75
2016/04/24 03:34:46,21.75
2016/04/24 03:35:46,21.75
2016/04/24 03:36:46,21.75
2016/04/24 03:37:46,21.75
2016/04/24 03:38:46,21.75
2016/04/24 03:39:46,21.75
2016/04/24 03:40:46,21.75
2016/04/24 03:41:46,21.81
2016/04/24 03:42:46,21.81
2016/04/24 03:43:46,21.81
2016/04/24 03:44:46,21.81
2016/04/24 03:45:46,21.81
2016/04/24 03:46:46,21.75
2016/04/24 03:47:46,21.75
2016/04/24 03:48:46,21.75
2016/04/24 03:49:47,21.75
2016/04/24 03:50:46,21.75
2016/04/24 03:51:46,21.75
2016/04/24 03:52:46,21.75
2016/04/24 03:53:46,21.75
2016/04/24 03:54:46,21.75
2016/04/24 03:55:46,21.75
2016/04/24 03:56:46,21.75
2016/04/24 03:57:46,21.75
2016/04/24 03:58:46,21.75
2016/04/24 03:59:46,21.75
2016/04/24 04:00:46,21.75
2016/04/24 04:01:46,21.75
2016/04/24 04:02:46,21.75
2016/04/24 04:03:46,21.75
2016/04/24 04:04:46,21.69
2016/04/24 04:05:46,21.75
2016/04/24 04:06:46,21.75
2016/04/24 04:07:46,21.75
2016/04/24 04:08:46,21.75
2016/04/24 04:09:46,21.69
2016/04/24 04:10:46,21.69
2016/04/24 04:11:46,21.75
2016/04/24 04:12:46,21.75
2016/04/24 04:13:46,21.75
2016/04/24 04:14:46,21.69
2016/04/24 04:15:46,21.69
2016/04/24 04:16:46,21.69
2016/04/24 04:17:46,21.69
2016/04/24 04:18:46,21.69
2016/04/24 04:19:46,21.69
2016/04/24 04:20:46,21.69
2016/04/24 04:21:46,21.69
2016/04/24 04:22:46,21.75
2016/04/24 04:23:46,21.75
2016/04/24 04:24:46,21.75
2016/04/24 04:25:46,21.75
2016/04/24 04:26:46,21.75
2016/04/24 04:27:46,21.69
2016/04/24 04:28:46,21.69
2016/04/24 04:29:46,21.69
2016/04/24 04:30:46,21.69
2016/04/24 04:31:46,21.69
2016/04/24 04:32:46,21.69
2016/04/24 04:33:46,21.69
2016/04/24 04:34:46,21.69
2016/04/24 04:35:46,21.69
2016/04/24 04:36:46,21.69
2016/04/24 04:37:46,21.69
2016/04/24 04:38:46,21.69
2016/04/24 04:39:46,21.69
2016/04/24 04:40:46,21.75
2016/04/24 04:41:46,21.69
2016/04/24 04:42:46,21.69
2016/04/24 04:43:46,21.69
2016/04/24 04:44:46,21.69
2016/04/24 04:45:46,21.69
2016/04/24 04:46:46,21.69
2016/04/24 04:47:46,21.69
2016/04/24 04:48:46,21.75
2016/04/24 04:49:46,21.69
2016/04/24 04:50:46,21.75
2016/04/24 04:51:46,21.75
2016/04/24 04:52:46,21.75
2016/04/24 04:53:46,21.75
2016/04/24 04:54:46,21.75
2016/04/24 04:55:46,21.75
2016/04/24 04:56:46,21.75
2016/04/24 04:57:46,21.75
2016/04/24 04:58:46,21.69
2016/04/24 04:59:46,21.75
2016/04/24 05:00:46,21.75
2016/04/24 05:01:46,21.75
2016/04/24 05:02:46,21.75
2016/04/24 05:03:46,21.75
2016/04/24 05:04:46,21.75
2016/04/24 05:05:46,21.75
2016/04/24 05:06:46,21.75
2016/04/24 05:07:46,21.75
2016/04/24 05:08:46,21.75
2016/04/24 05:09:46,21.69
2016/04/24 05:10:46,21.75
2016/04/24 05:11:46,21.69
2016/04/24 05:12:46,21.69
2016/04/24 05:13:46,21.69
2016/04/24 05:14:46,21.69
2016/04/24 05:15:46,21.69
2016/04/24 05:16:46,21.69
2016/04/24 05:17:46,21.69
2016/04/24 05:18:46,21.69
2016/04/24 05:19:46,21.75
2016/04/24 05:20:46,21.69
2016/04/24 05:21:46,21.69
2016/04/24 05:22:46,21.69
2016/04/24 05:23:46,21.69
2016/04/24 05:24:46,21.69
2016/04/24 05:25:46,21.69
2016/04/24 05:26:46,21.69
2016/04/24 05:27:46,21.75
2016/04/24 05:28:46,21.69
2016/04/24 05:29:46,21.69
2016/04/24 05:30:46,21.69
2016/04/24 05:31:46,21.69
2016/04/24 05:32:46,21.75
2016/04/24 05:33:47,21.69
2016/04/24 05:34:46,21.69
2016/04/24 05:35:46,21.69
2016/04/24 05:36:46,21.69
2016/04/24 05:37:46,21.69
2016/04/24 05:38:46,21.69
2016/04/24 05:39:46,21.69
2016/04/24 05:40:46,21.62
2016/04/24 05:41:46,21.62
2016/04/24 05:42:47,21.62
2016/04/24 05:43:47,21.69
2016/04/24 05:44:46,21.69
2016/04/24 05:45:47,21.69
2016/04/24 05:46:46,21.69
2016/04/24 05:47:47,21.69
2016/04/24 05:48:46,21.69
2016/04/24 05:49:46,21.69
2016/04/24 05:50:46,21.62
2016/04/24 05:51:46,21.69
2016/04/24 05:52:47,21.69
2016/04/24 05:53:46,21.62
2016/04/24 05:54:46,21.69
2016/04/24 05:55:46,21.62
2016/04/24 05:56:46,21.69
2016/04/24 05:57:46,21.69
2016/04/24 05:58:46,21.69
2016/04/24 05:59:47,21.62
2016/04/24 06:00:46,21.62
2016/04/24 06:01:46,21.62
2016/04/24 06:02:46,21.62
2016/04/24 06:03:46,21.62
2016/04/24 06:04:47,21.62
2016/04/24 06:05:47,21.62
2016/04/24 06:06:46,21.62
2016/04/24 06:07:47,21.62
2016/04/24 06:08:46,21.62
2016/04/24 06:09:46,21.62
2016/04/24 06:10:46,21.62
2016/04/24 06:11:46,21.62
2016/04/24 06:12:47,21.69
2016/04/24 06:13:46,21.69
2016/04/24 06:14:47,21.62
2016/04/24 06:15:46,21.62
2016/04/24 06:16:47,21.62
2016/04/24 06:17:47,21.62
2016/04/24 06:18:47,21.62
2016/04/24 06:19:47,21.62
2016/04/24 06:20:47,21.62
2016/04/24 06:21:46,21.62
2016/04/24 06:22:46,21.62
2016/04/24 06:23:46,21.62
2016/04/24 06:24:46,21.62
2016/04/24 06:25:47,21.62
2016/04/24 06:26:47,21.62
2016/04/24 06:27:46,21.62
2016/04/24 06:28:46,21.62
2016/04/24 06:29:46,21.62
2016/04/24 06:30:46,21.62
2016/04/24 06:31:47,21.62
2016/04/24 06:32:46,21.62
2016/04/24 06:33:47,21.62
2016/04/24 06:34:46,21.62
2016/04/24 06:35:46,21.62
2016/04/24 06:36:46,21.62
2016/04/24 06:37:47,21.62
2016/04/24 06:38:47,21.62
2016/04/24 06:39:46,21.62
2016/04/24 06:40:47,21.62
2016/04/24 06:41:46,21.62
2016/04/24 06:42:47,21.62
2016/04/24 06:43:46,21.62
2016/04/24 06:44:46,21.62
2016/04/24 06:45:46,21.62
2016/04/24 06:46:46,21.56
2016/04/24 06:47:46,21.56
2016/04/24 06:48:46,21.62
2016/04/24 06:49:46,21.56
2016/04/24 06:50:46,21.56
2016/04/24 06:51:46,21.62
2016/04/24 06:52:46,21.56
2016/04/24 06:53:46,21.56
2016/04/24 06:54:46,21.56
2016/04/24 06:55:46,21.56
2016/04/24 06:56:47,21.56
2016/04/24 06:57:46,21.56
2016/04/24 06:58:46,21.56
2016/04/24 06:59:46,21.56
2016/04/24 07:00:46,21.56
2016/04/24 07:01:46,21.56
2016/04/24 07:02:46,21.56
2016/04/24 07:03:46,21.50
2016/04/24 07:04:47,21.56
2016/04/24 07:05:46,21.56
2016/04/24 07:06:46,21.56
2016/04/24 07:07:46,21.62
2016/04/24 07:08:46,21.62
2016/04/24 07:09:46,21.62
2016/04/24 07:10:46,21.69
2016/04/24 07:11:46,21.69
2016/04/24 07:12:47,21.69
2016/04/24 07:13:47,21.62
2016/04/24 07:14:46,21.69
2016/04/24 07:15:46,21.69
2016/04/24 07:16:46,21.69
2016/04/24 07:17:46,21.69
2016/04/24 07:18:46,21.69
2016/04/24 07:19:46,21.69
2016/04/24 07:20:46,21.69
2016/04/24 07:21:51,25.50
2016/04/24 07:22:46,28.00
2016/04/24 07:23:47,22.75
2016/04/24 07:24:46,22.12
2016/04/24 07:25:46,21.94
2016/04/24 07:26:46,21.94
2016/04/24 07:27:46,21.87
2016/04/24 07:28:46,21.81
2016/04/24 07:29:46,21.81
2016/04/24 07:30:46,21.81
2016/04/24 07:31:46,21.81
2016/04/24 07:32:46,21.81
2016/04/24 07:33:46,21.81
2016/04/24 07:34:46,21.75
2016/04/24 07:35:46,21.75
2016/04/24 07:36:47,21.81
2016/04/24 07:37:46,21.81
2016/04/24 07:38:46,21.81
2016/04/24 07:39:46,21.81
2016/04/24 07:40:46,21.81
2016/04/24 07:41:46,21.81
2016/04/24 07:42:46,21.81
2016/04/24 07:43:46,21.81
2016/04/24 07:44:46,21.87
2016/04/24 07:45:46,21.81
2016/04/24 07:46:46,21.81
2016/04/24 07:47:46,21.81
2016/04/24 07:48:46,21.81
2016/04/24 07:49:46,21.81
2016/04/24 07:51:22,29.87
2016/04/24 07:51:47,27.50
2016/04/24 07:52:46,26.94
2016/04/24 07:53:46,22.69
2016/04/24 07:54:46,22.25
2016/04/24 07:55:46,22.12
2016/04/24 07:56:46,22.06
2016/04/24 07:57:46,22.00
2016/04/24 07:58:46,21.94
2016/04/24 07:59:46,21.94
2016/04/24 08:00:46,21.87
2016/04/24 08:01:46,21.87
2016/04/24 08:02:46,21.87
2016/04/24 08:03:46,21.81
2016/04/24 08:04:46,21.81
2016/04/24 08:05:46,21.75
2016/04/24 08:06:46,21.81
2016/04/24 08:07:46,21.81
2016/04/24 08:08:46,21.81
2016/04/24 08:09:46,21.87
2016/04/24 08:10:46,21.87
2016/04/24 08:11:46,21.81
2016/04/24 08:12:46,21.87
2016/04/24 08:13:46,21.87
2016/04/24 08:14:46,21.87
2016/04/24 08:15:47,21.87
2016/04/24 08:16:46,21.87
2016/04/24 08:17:46,21.87
2016/04/24 08:18:46,21.87
2016/04/24 08:19:46,21.87
2016/04/24 08:20:46,21.87
2016/04/24 08:21:46,21.87
2016/04/24 08:22:46,21.87
2016/04/24 08:23:46,21.87
2016/04/24 08:24:46,21.87
2016/04/24 08:25:46,21.87
2016/04/24 08:26:46,21.87
2016/04/24 08:27:47,21.94
2016/04/24 08:28:46,21.87
2016/04/24 08:29:46,21.94
2016/04/24 08:30:47,21.94
2016/04/24 08:31:46,21.94
2016/04/24 08:32:47,21.94
2016/04/24 08:33:52,22.00
2016/04/24 08:34:47,22.00
2016/04/24 08:35:46,22.06
2016/04/24 08:36:46,22.06
2016/04/24 08:37:47,22.06
2016/04/24 08:38:46,22.06
2016/04/24 08:39:46,22.06
2016/04/24 08:40:47,22.06
2016/04/24 08:41:47,22.06
2016/04/24 08:42:46,22.06
2016/04/24 08:43:47,22.12
2016/04/24 08:44:46,22.12
2016/04/24 08:45:47,22.06
2016/04/24 08:46:46,22.06
2016/04/24 08:47:46,22.06
2016/04/24 08:48:46,22.06
2016/04/24 08:49:47,22.06
2016/04/24 08:50:49,22.06
2016/04/24 08:51:46,22.06
2016/04/24 08:52:46,22.06
2016/04/24 08:53:46,22.06
2016/04/24 08:54:46,22.06
2016/04/24 08:55:47,22.00
2016/04/24 08:56:47,22.06
2016/04/24 08:57:46,22.00
2016/04/24 08:58:46,22.06
2016/04/24 08:59:46,22.00
2016/04/24 09:00:46,22.00
2016/04/24 09:01:46,22.00
2016/04/24 09:02:46,21.94
2016/04/24 09:03:46,21.94
2016/04/24 09:04:46,21.94
2016/04/24 09:05:47,21.87
2016/04/24 09:06:46,21.94
2016/04/24 09:07:46,21.94
2016/04/24 09:08:46,21.94
2016/04/24 09:09:46,21.94
2016/04/24 09:10:46,21.94
2016/04/24 09:11:46,22.00
2016/04/24 09:12:46,21.94
2016/04/24 09:13:46,21.94
2016/04/24 09:14:46,22.00
2016/04/24 09:15:46,21.94
2016/04/24 09:16:46,22.00
2016/04/24 09:17:46,22.00
2016/04/24 09:18:46,22.00
2016/04/24 09:19:46,22.00
2016/04/24 09:20:46,22.00
2016/04/24 09:21:46,22.00
2016/04/24 09:22:46,21.94
2016/04/24 09:23:46,22.00
2016/04/24 09:24:46,22.00
2016/04/24 09:25:46,22.00
2016/04/24 09:26:46,22.00
2016/04/24 09:27:46,22.00
2016/04/24 09:28:46,22.00
2016/04/24 09:29:46,22.00
2016/04/24 09:30:47,22.00
2016/04/24 09:31:47,22.00
2016/04/24 09:32:46,22.00
2016/04/24 09:33:46,22.00
2016/04/24 09:34:46,22.00
2016/04/24 09:35:47,22.00
2016/04/24 09:36:46,22.00
2016/04/24 09:37:46,22.00
2016/04/24 09:38:46,22.00
2016/04/24 09:39:47,22.06
2016/04/24 09:40:47,22.00
2016/04/24 09:41:46,22.00
2016/04/24 09:42:46,22.00
2016/04/24 09:43:46,22.00
2016/04/24 09:44:46,22.00
2016/04/24 09:45:47,22.06
2016/04/24 09:46:47,22.06
2016/04/24 09:47:46,22.06
2016/04/24 09:48:47,22.06
2016/04/24 09:49:46,22.06
2016/04/24 09:50:46,22.06
2016/04/24 09:51:46,22.06
2016/04/24 09:52:46,22.06
2016/04/24 09:53:46,22.06
2016/04/24 09:54:46,22.06
2016/04/24 09:55:46,22.00
2016/04/24 09:56:46,22.06
2016/04/24 09:57:47,22.06
2016/04/24 09:58:46,22.00
2016/04/24 09:59:46,22.00
2016/04/24 10:00:46,22.00
2016/04/24 10:01:47,22.00
2016/04/24 10:02:47,22.00
2016/04/24 10:03:46,22.00
2016/04/24 10:04:46,22.00
2016/04/24 10:05:46,22.00
2016/04/24 10:06:46,22.00
2016/04/24 10:07:46,22.00
2016/04/24 10:08:46,22.00
2016/04/24 10:09:47,22.00
2016/04/24 10:10:46,22.00
2016/04/24 10:11:47,22.00
2016/04/24 10:12:47,22.00
2016/04/24 10:13:46,22.00
2016/04/24 10:14:46,22.00
2016/04/24 10:15:46,22.00
2016/04/24 10:16:46,22.00
2016/04/24 10:17:46,22.00
2016/04/24 10:18:46,22.00
2016/04/24 10:19:46,22.00
2016/04/24 10:20:46,22.00
2016/04/24 10:21:46,22.00
2016/04/24 10:22:47,22.00
2016/04/24 10:23:46,21.94
2016/04/24 10:24:46,21.94
2016/04/24 10:25:46,21.94
2016/04/24 10:26:46,21.94
2016/04/24 10:27:46,21.94
2016/04/24 10:28:46,22.00
2016/04/24 10:29:47,21.94
2016/04/24 10:30:46,21.94
2016/04/24 10:31:46,21.94
2016/04/24 10:32:46,21.94
2016/04/24 10:33:46,21.94
2016/04/24 10:34:47,21.94
2016/04/24 10:35:47,21.94
2016/04/24 10:36:47,21.94
2016/04/24 10:37:47,22.00
2016/04/24 10:38:46,21.94
2016/04/24 10:39:47,21.94
2016/04/24 10:40:46,21.94
2016/04/24 10:41:47,21.94
2016/04/24 10:42:46,21.94
2016/04/24 10:43:47,21.87
2016/04/24 10:44:46,21.94
2016/04/24 10:45:47,21.94
2016/04/24 10:46:46,21.94
2016/04/24 10:47:46,21.94
2016/04/24 10:48:46,21.94
2016/04/24 10:49:46,21.94
2016/04/24 10:50:46,22.00
2016/04/24 10:51:46,21.94
2016/04/24 10:52:51,22.00
2016/04/24 10:53:47,22.06
2016/04/24 10:54:46,22.06
2016/04/24 10:55:47,22.12
2016/04/24 10:56:47,22.12
2016/04/24 10:57:48,22.12
2016/04/24 10:58:49,22.19
2016/04/24 10:59:46,22.19
2016/04/24 11:00:52,22.19
2016/04/24 11:01:46,22.19
2016/04/24 11:02:47,22.25
2016/04/24 11:03:47,22.25
2016/04/24 11:04:46,22.25
2016/04/24 11:05:47,22.25
2016/04/24 11:06:47,22.19
2016/04/24 11:07:46,22.19
2016/04/24 11:08:46,22.19
2016/04/24 11:09:47,22.25
2016/04/24 11:10:47,22.25
2016/04/24 11:11:46,22.19
2016/04/24 11:12:46,22.19
2016/04/24 11:13:46,22.19
2016/04/24 11:14:46,22.12
2016/04/24 11:15:46,22.12
2016/04/24 11:16:46,22.12
2016/04/24 11:17:46,22.12
2016/04/24 11:18:46,22.12
2016/04/24 11:19:46,22.12
2016/04/24 11:20:46,22.12
2016/04/24 11:21:46,22.12
2016/04/24 11:22:46,22.12
2016/04/24 11:23:46,22.12
2016/04/24 11:24:46,22.12
2016/04/24 11:25:46,22.12
2016/04/24 11:26:46,22.12
2016/04/24 11:27:46,22.12
2016/04/24 11:28:46,22.06
2016/04/24 11:29:46,22.12
2016/04/24 11:30:47,22.12
2016/04/24 11:31:46,22.12
2016/04/24 11:32:46,22.12
2016/04/24 11:33:46,22.12
2016/04/24 11:34:46,22.06
2016/04/24 11:35:46,22.06
2016/04/24 11:36:46,22.06
2016/04/24 11:37:46,22.06
2016/04/24 11:38:46,22.06
2016/04/24 11:39:46,22.06
2016/04/24 11:40:46,22.06
2016/04/24 11:41:46,22.06
2016/04/24 11:42:46,22.12
2016/04/24 11:43:46,22.06
2016/04/24 11:44:46,22.06
2016/04/24 11:45:47,22.06
2016/04/24 11:46:47,22.06
2016/04/24 11:47:47,22.12
2016/04/24 11:48:46,22.12
2016/04/24 11:49:47,22.12
2016/04/24 11:50:47,22.12
2016/04/24 11:51:47,22.12
2016/04/24 11:52:46,22.19
2016/04/24 11:53:46,22.19
2016/04/24 11:54:46,22.19
2016/04/24 11:55:46,22.19
2016/04/24 11:56:46,22.19
2016/04/24 11:57:46,22.19
2016/04/24 11:58:46,22.19
2016/04/24 11:59:49,22.19
2016/04/24 12:00:46,22.19
2016/04/24 12:01:50,22.19
2016/04/24 12:02:46,22.19
2016/04/24 12:03:52,22.19
2016/04/24 12:04:46,22.25
2016/04/24 12:05:46,22.19
2016/04/24 12:06:48,22.19
2016/04/24 12:07:46,22.25
2016/04/24 12:08:47,22.25
2016/04/24 12:09:46,22.19
2016/04/24 12:10:46,22.19
2016/04/24 12:11:46,22.19
2016/04/24 12:12:46,22.19
2016/04/24 12:13:46,22.19
2016/04/24 12:14:47,22.19
2016/04/24 12:15:46,22.19
2016/04/24 12:16:46,22.19
2016/04/24 12:17:46,22.19
2016/04/24 12:18:46,22.12
2016/04/24 12:19:46,22.12
2016/04/24 12:20:46,22.06
2016/04/24 12:21:47,22.06
2016/04/24 12:22:46,22.06
2016/04/24 12:23:47,22.06
2016/04/24 12:24:46,22.06
2016/04/24 12:25:48,22.06
2016/04/24 12:26:48,22.06
2016/04/24 12:27:47,22.06
2016/04/24 12:28:47,22.06
2016/04/24 12:29:47,22.06
2016/04/24 12:30:47,22.06
2016/04/24 12:31:46,22.06
2016/04/24 12:32:46,22.06
2016/04/24 12:33:47,22.06
2016/04/24 12:34:47,22.06
2016/04/24 12:35:46,22.06
2016/04/24 12:36:46,22.06
2016/04/24 12:37:47,22.06
2016/04/24 12:38:46,22.06
2016/04/24 12:39:46,22.06
2016/04/24 12:40:46,22.06
2016/04/24 12:41:46,22.00
2016/04/24 12:42:46,22.00
2016/04/24 12:43:47,21.94
2016/04/24 12:44:46,21.94
2016/04/24 12:45:46,21.94
2016/04/24 12:46:46,21.94
2016/04/24 12:47:47,21.94
2016/04/24 12:48:46,21.94
2016/04/24 12:49:46,21.94
2016/04/24 12:50:46,21.87
2016/04/24 12:51:46,21.94
2016/04/24 12:52:46,21.87
2016/04/24 12:53:46,21.87
2016/04/24 12:54:46,21.87
2016/04/24 12:55:46,21.87
2016/04/24 12:56:46,21.87
2016/04/24 12:57:46,21.87
2016/04/24 12:58:47,21.87
2016/04/24 12:59:46,21.87
2016/04/24 13:00:46,21.87
2016/04/24 13:01:46,21.87
2016/04/24 13:02:46,21.87
2016/04/24 13:03:46,21.81
2016/04/24 13:04:46,21.81
2016/04/24 13:05:46,21.87
2016/04/24 13:06:46,21.87
2016/04/24 13:07:46,21.81
2016/04/24 13:08:46,21.81
2016/04/24 13:09:46,21.87
2016/04/24 13:10:46,21.81
2016/04/24 13:11:46,21.81
2016/04/24 13:12:46,21.81
2016/04/24 13:13:46,21.81
2016/04/24 13:14:46,21.81
2016/04/24 13:15:46,21.81
2016/04/24 13:16:46,21.81
2016/04/24 13:17:46,21.81
2016/04/24 13:18:46,21.81
2016/04/24 13:19:46,21.81
2016/04/24 13:20:46,21.81
2016/04/24 13:21:46,21.81
2016/04/24 13:22:46,21.81
2016/04/24 13:23:46,21.81
2016/04/24 13:24:46,21.81
2016/04/24 13:25:46,21.81
2016/04/24 13:26:46,21.81
2016/04/24 13:27:46,21.81
2016/04/24 13:28:47,21.81
2016/04/24 13:29:46,21.81
2016/04/24 13:30:46,21.81
2016/04/24 13:31:47,21.81
2016/04/24 13:32:47,21.75
2016/04/24 13:33:46,21.81
2016/04/24 13:34:46,21.75
2016/04/24 13:35:46,21.75
2016/04/24 13:36:46,21.75
2016/04/24 13:37:47,21.75
2016/04/24 13:38:47,21.75
2016/04/24 13:39:46,21.75
2016/04/24 13:40:46,21.75
2016/04/24 13:41:46,21.75
2016/04/24 13:42:46,21.75
2016/04/24 13:43:46,21.75
2016/04/24 13:44:46,21.75
2016/04/24 13:45:46,21.75
2016/04/24 13:46:46,21.75
2016/04/24 13:47:46,21.75
2016/04/24 13:48:46,21.75
2016/04/24 13:49:46,21.75
2016/04/24 13:50:46,21.75
2016/04/24 13:51:46,21.69
2016/04/24 13:52:46,21.75
2016/04/24 13:53:46,21.75
2016/04/24 13:54:46,21.75
2016/04/24 13:55:46,21.69
2016/04/24 13:56:46,21.75
2016/04/24 13:57:46,21.75
2016/04/24 13:58:46,21.75
2016/04/24 13:59:46,21.75
2016/04/24 14:00:46,21.75
2016/04/24 14:01:46,21.75
2016/04/24 14:02:46,21.81
2016/04/24 14:03:46,21.81
2016/04/24 14:04:47,21.81
2016/04/24 14:05:47,21.81
2016/04/24 14:06:46,21.81
2016/04/24 14:07:46,21.81
2016/04/24 14:08:46,21.81
2016/04/24 14:09:46,21.81
2016/04/24 14:10:46,21.81
2016/04/24 14:11:46,21.87
2016/04/24 14:12:46,21.81
2016/04/24 14:13:46,21.87
2016/04/24 14:14:46,21.87
2016/04/24 14:15:46,21.87
2016/04/24 14:16:46,21.87
2016/04/24 14:17:46,21.81
2016/04/24 14:18:46,21.81
2016/04/24 14:19:46,21.87
2016/04/24 14:20:46,21.87
2016/04/24 14:21:46,21.87
2016/04/24 14:22:46,21.81
2016/04/24 14:23:47,21.87
2016/04/24 14:24:46,21.81
2016/04/24 14:25:46,21.81
2016/04/24 14:26:47,21.81
2016/04/24 14:27:47,21.81
2016/04/24 14:28:46,21.81
2016/04/24 14:29:47,21.81
2016/04/24 14:30:46,21.87
2016/04/24 14:31:46,21.81
2016/04/24 14:32:46,21.87
2016/04/24 14:33:46,21.87
2016/04/24 14:34:46,21.87
2016/04/24 14:35:47,21.87
2016/04/24 14:36:47,21.87
2016/04/24 14:37:46,21.87
2016/04/24 14:38:46,21.87
2016/04/24 14:39:47,21.87
2016/04/24 14:40:46,21.87
2016/04/24 14:41:47,21.94
2016/04/24 14:42:46,21.87
2016/04/24 14:43:46,21.81
2016/04/24 14:44:46,21.81
2016/04/24 14:45:46,21.81
2016/04/24 14:46:46,21.87
2016/04/24 14:47:46,21.81
2016/04/24 14:48:46,21.81
2016/04/24 14:49:46,21.81
2016/04/24 14:50:47,21.81
2016/04/24 14:51:46,21.81
2016/04/24 14:52:46,21.81
2016/04/24 14:53:46,21.81
2016/04/24 14:54:46,21.81
2016/04/24 14:55:46,21.81
2016/04/24 14:56:46,21.75
2016/04/24 14:57:46,21.75
2016/04/24 14:58:46,21.75
2016/04/24 14:59:46,21.75
2016/04/24 15:00:46,21.75
2016/04/24 15:01:46,21.75
2016/04/24 15:02:47,21.75
2016/04/24 15:03:46,21.75
2016/04/24 15:04:46,21.69
2016/04/24 15:05:46,21.75
2016/04/24 15:06:47,21.69
2016/04/24 15:07:46,21.75
2016/04/24 15:08:46,21.75
2016/04/24 15:09:46,21.75
2016/04/24 15:10:46,21.75
2016/04/24 15:11:46,21.75
2016/04/24 15:12:46,21.69
2016/04/24 15:13:46,21.69
2016/04/24 15:14:46,21.69
2016/04/24 15:15:46,21.75
2016/04/24 15:16:46,21.69
2016/04/24 15:17:46,21.69
2016/04/24 15:18:46,21.69
2016/04/24 15:19:46,21.69
2016/04/24 15:20:46,21.69
2016/04/24 15:21:46,21.69
2016/04/24 15:22:46,21.69
2016/04/24 15:23:46,21.69
2016/04/24 15:24:46,21.69
2016/04/24 15:25:46,21.69
2016/04/24 15:26:46,21.69
2016/04/24 15:27:47,21.69
2016/04/24 15:28:46,21.69
2016/04/24 15:29:46,21.69
2016/04/24 15:30:47,21.69
2016/04/24 15:31:46,21.69
2016/04/24 15:32:46,21.69
2016/04/24 15:33:46,21.69
2016/04/24 15:34:46,21.69
2016/04/24 15:35:46,21.69
2016/04/24 15:36:46,21.69
2016/04/24 15:37:46,21.69
2016/04/24 15:38:46,21.69
2016/04/24 15:39:46,21.69
2016/04/24 15:40:46,21.69
2016/04/24 15:41:46,21.69
2016/04/24 15:42:46,21.69
2016/04/24 15:43:46,21.62
2016/04/24 15:44:46,21.62
2016/04/24 15:45:46,21.62
2016/04/24 15:46:46,21.62
2016/04/24 15:47:46,21.69
2016/04/24 15:48:46,21.62
2016/04/24 15:49:46,21.62
2016/04/24 15:50:46,21.62
2016/04/24 15:51:46,21.62
2016/04/24 15:52:46,21.62
2016/04/24 15:53:46,21.62
2016/04/24 15:54:46,21.62
2016/04/24 15:55:46,21.62
2016/04/24 15:56:46,21.62
2016/04/24 15:57:46,21.62
2016/04/24 15:58:46,21.62
2016/04/24 15:59:46,21.62
2016/04/24 16:00:46,21.62
2016/04/24 16:01:46,21.62
2016/04/24 16:02:46,21.62
2016/04/24 16:03:46,21.62
2016/04/24 16:04:46,21.62
2016/04/24 16:05:46,21.69
2016/04/24 16:06:46,21.62
2016/04/24 16:07:46,21.62
2016/04/24 16:08:46,21.62
2016/04/24 16:09:46,21.56
2016/04/24 16:10:46,21.62
2016/04/24 16:11:46,21.62
2016/04/24 16:12:46,21.62
2016/04/24 16:13:46,21.62
2016/04/24 16:14:46,21.62
2016/04/24 16:15:46,21.56
2016/04/24 16:16:46,21.62
2016/04/24 16:17:46,21.56
2016/04/24 16:18:46,21.56
2016/04/24 16:19:46,21.62
2016/04/24 16:20:46,21.62
2016/04/24 16:21:47,21.62
2016/04/24 16:22:46,21.62
2016/04/24 16:23:46,21.62
2016/04/24 16:24:46,21.62
2016/04/24 16:25:46,21.62
2016/04/24 16:26:47,21.62
2016/04/24 16:27:46,21.56
2016/04/24 16:28:46,21.56
2016/04/24 16:29:47,21.56
2016/04/24 16:30:46,21.56
2016/04/24 16:31:46,21.56
2016/04/24 16:32:46,21.56
2016/04/24 16:33:46,21.56
2016/04/24 16:34:46,21.56
2016/04/24 16:35:46,21.56
2016/04/24 16:36:46,21.56
2016/04/24 16:37:46,21.56
2016/04/24 16:38:46,21.62
2016/04/24 16:39:46,21.56
2016/04/24 16:40:46,21.56
2016/04/24 16:41:46,21.56
2016/04/24 16:42:46,21.56
2016/04/24 16:43:46,21.56
2016/04/24 16:44:46,21.56
2016/04/24 16:45:46,21.56
2016/04/24 16:46:46,21.56
2016/04/24 16:47:46,21.56
2016/04/24 16:48:46,21.56
2016/04/24 16:49:46,21.56
2016/04/24 16:50:46,21.56
2016/04/24 16:51:46,21.56
2016/04/24 16:52:46,21.56
2016/04/24 16:53:46,21.56
2016/04/24 16:54:46,21.50
2016/04/24 16:55:46,21.50
2016/04/24 16:56:46,21.50
2016/04/24 16:57:46,21.56
2016/04/24 16:58:46,21.56
2016/04/24 16:59:46,21.56
2016/04/24 17:00:46,21.50
2016/04/24 17:01:46,21.56
2016/04/24 17:02:46,21.56
2016/04/24 17:03:46,21.56
2016/04/24 17:04:46,21.50
2016/04/24 17:05:46,21.50
2016/04/24 17:06:46,21.50
2016/04/24 17:07:46,21.50
2016/04/24 17:08:46,21.50
2016/04/24 17:09:46,21.50
2016/04/24 17:10:46,21.50
2016/04/24 17:11:46,21.56
2016/04/24 17:12:46,21.50
2016/04/24 17:13:46,21.56
2016/04/24 17:14:46,21.50
2016/04/24 17:15:46,21.50
2016/04/24 17:16:46,21.50
2016/04/24 17:17:46,21.56
2016/04/24 17:18:46,21.50
2016/04/24 17:19:46,21.50
2016/04/24 17:20:46,21.56
2016/04/24 17:21:46,21.50
2016/04/24 17:22:46,21.50
2016/04/24 17:23:46,21.50
2016/04/24 17:24:47,21.50
2016/04/24 17:25:46,21.50
2016/04/24 17:26:47,21.50
2016/04/24 17:27:46,21.50
2016/04/24 17:28:46,21.50
2016/04/24 17:29:46,21.50
2016/04/24 17:30:47,21.50
2016/04/24 17:31:46,21.50
2016/04/24 17:32:46,21.56
2016/04/24 17:33:46,21.56
2016/04/24 17:34:46,21.56
2016/04/24 17:35:46,21.56
2016/04/24 17:36:46,21.56
2016/04/24 17:37:46,21.56
2016/04/24 17:38:46,21.56
2016/04/24 17:39:46,21.56
2016/04/24 17:40:46,21.56
2016/04/24 17:41:46,21.62
2016/04/24 17:42:46,21.62
2016/04/24 17:43:46,21.62
2016/04/24 17:44:47,21.69
2016/04/24 17:45:47,21.69
2016/04/24 17:46:46,21.69
2016/04/24 17:47:46,21.69
2016/04/24 17:48:46,21.69
2016/04/24 17:49:46,21.69
2016/04/24 17:50:54,21.69
2016/04/24 17:51:46,21.75
2016/04/24 17:52:46,21.75
2016/04/24 17:53:46,21.75
2016/04/24 17:54:46,21.75
2016/04/24 17:55:46,21.81
2016/04/24 17:56:46,21.75
2016/04/24 17:57:46,21.81
2016/04/24 17:58:46,21.81
2016/04/24 17:59:46,21.81
2016/04/24 18:00:46,21.75
2016/04/24 18:01:46,21.81
2016/04/24 18:02:46,21.75
2016/04/24 18:03:46,21.81
2016/04/24 18:04:48,21.81
2016/04/24 18:06:47,21.81
2016/04/24 18:07:47,21.81
2016/04/24 18:08:46,21.81
2016/04/24 18:09:46,21.81
2016/04/24 18:10:47,21.87
2016/04/24 18:11:46,21.87
2016/04/24 18:12:46,21.87
2016/04/24 18:13:46,21.87
2016/04/24 18:14:47,21.87
2016/04/24 18:15:48,21.87
2016/04/24 18:16:46,21.87
2016/04/24 18:17:46,21.87
2016/04/24 18:18:48,21.87
2016/04/24 18:19:47,21.87
2016/04/24 18:20:47,21.87
2016/04/24 18:21:46,21.87
2016/04/24 18:22:47,21.87
2016/04/24 18:23:49,21.87
2016/04/24 18:24:47,21.87
2016/04/24 18:25:47,21.81
2016/04/24 18:26:46,21.81
2016/04/24 18:27:47,21.87
2016/04/24 18:28:47,21.81
2016/04/24 18:29:46,21.87
2016/04/24 18:30:47,21.81
2016/04/24 18:31:46,21.81
2016/04/24 18:32:46,21.81
2016/04/24 18:33:47,21.81
2016/04/24 18:34:46,21.81
2016/04/24 18:35:46,21.81
2016/04/24 18:36:46,21.81
2016/04/24 18:37:46,21.81
2016/04/24 18:38:46,21.81
2016/04/24 18:39:46,21.81
2016/04/24 18:40:46,21.81
2016/04/24 18:41:46,21.81
2016/04/24 18:42:46,21.81
2016/04/24 18:43:46,21.81
2016/04/24 18:44:46,21.81
2016/04/24 18:45:47,21.81
2016/04/24 18:47:46,21.94
2016/04/24 18:48:46,22.06
2016/04/24 18:49:46,22.06
2016/04/24 18:50:46,22.19
2016/04/24 18:51:46,22.19
2016/04/24 18:52:46,22.19
2016/04/24 18:53:46,22.12
2016/04/24 18:54:46,22.12
2016/04/24 18:55:46,22.06
2016/04/24 18:56:46,22.06
2016/04/24 18:57:46,22.00
2016/04/24 18:58:46,21.94
2016/04/24 18:59:46,21.94
2016/04/24 19:00:46,21.94
2016/04/24 19:01:46,21.94
2016/04/24 19:02:46,21.87
2016/04/24 19:03:46,21.94
2016/04/24 19:04:46,21.87
2016/04/24 19:05:46,21.87
2016/04/24 19:06:46,21.87
2016/04/24 19:07:46,21.87
2016/04/24 19:08:46,21.87
2016/04/24 19:09:46,21.87
2016/04/24 19:10:46,21.87
2016/04/24 19:11:46,21.87
2016/04/24 19:12:46,21.87
2016/04/24 19:13:46,21.87
2016/04/24 19:14:46,21.87
2016/04/24 19:15:46,21.87
2016/04/24 19:16:47,21.81
2016/04/24 19:17:46,21.87
2016/04/24 19:18:46,21.87
2016/04/24 19:19:46,21.87
2016/04/24 19:20:46,21.87
2016/04/24 19:21:46,21.81
2016/04/24 19:22:46,21.87
2016/04/24 19:23:46,21.87
2016/04/24 19:24:46,21.87
2016/04/24 19:25:46,21.87
2016/04/24 19:26:46,21.87
2016/04/24 19:27:46,21.87
2016/04/24 19:28:46,21.87
2016/04/24 19:29:46,21.87
2016/04/24 19:30:46,21.87
2016/04/24 19:31:46,21.87
2016/04/24 19:32:46,21.87
2016/04/24 19:33:46,21.81
2016/04/24 19:34:46,21.81
2016/04/24 19:35:46,21.81
2016/04/24 19:36:46,21.81
2016/04/24 19:37:46,21.81
2016/04/24 19:38:46,21.81
2016/04/24 19:39:46,21.81
2016/04/24 19:40:46,21.81
2016/04/24 19:41:46,21.81
2016/04/24 19:42:46,21.81
2016/04/24 19:43:46,21.81
2016/04/24 19:44:46,21.81
2016/04/24 19:45:46,21.81
2016/04/24 19:46:46,21.81
2016/04/24 19:47:46,21.81
2016/04/24 19:48:46,21.81
2016/04/24 19:49:46,21.87
2016/04/24 19:50:46,21.87
2016/04/24 19:51:47,21.87
2016/04/24 19:52:46,21.81
2016/04/24 19:53:46,21.81
2016/04/24 19:54:46,21.81
2016/04/24 19:55:46,21.87
2016/04/24 19:56:46,21.81
2016/04/24 19:57:46,21.81
2016/04/24 19:58:46,21.87
2016/04/24 19:59:46,21.87
2016/04/24 20:00:46,21.81
2016/04/24 20:01:47,21.81
2016/04/24 20:02:46,21.81
2016/04/24 20:03:46,21.81
2016/04/24 20:04:46,21.81
2016/04/24 20:05:46,21.81
2016/04/24 20:06:46,21.87
2016/04/24 20:07:46,21.81
2016/04/24 20:08:46,21.87
2016/04/24 20:09:46,21.87
2016/04/24 20:10:46,21.81
2016/04/24 20:11:46,21.81
2016/04/24 20:12:46,21.81
2016/04/24 20:13:46,21.81
2016/04/24 20:14:46,21.81
2016/04/24 20:15:46,21.81
2016/04/24 20:16:46,21.81
2016/04/24 20:17:46,21.81
2016/04/24 20:18:46,21.81
2016/04/24 20:19:46,21.81
2016/04/24 20:20:46,21.81
2016/04/24 20:21:46,21.81
2016/04/24 20:22:46,21.87
2016/04/24 20:23:46,21.81
2016/04/24 20:24:46,21.81
2016/04/24 20:25:46,21.81
2016/04/24 20:26:46,21.81
2016/04/24 20:27:46,21.81
2016/04/24 20:28:46,21.81
2016/04/24 20:29:46,21.87
2016/04/24 20:30:46,21.87
2016/04/24 20:31:45,21.87
2016/04/24 20:32:46,21.81
2016/04/24 20:33:46,21.81
2016/04/24 20:34:46,21.81
2016/04/24 20:35:46,21.81
2016/04/24 20:36:46,21.87
2016/04/24 20:37:46,21.87
2016/04/24 20:38:46,21.81
2016/04/24 20:39:46,21.81
2016/04/24 20:40:46,21.81
2016/04/24 20:41:46,21.81
2016/04/24 20:42:46,21.87
2016/04/24 20:43:46,21.81
2016/04/24 20:44:46,21.81
2016/04/24 20:45:45,21.87
2016/04/24 20:46:46,21.81
2016/04/24 20:47:46,21.87
2016/04/24 20:48:46,21.81
2016/04/24 20:49:45,21.87
2016/04/24 20:50:45,21.81
2016/04/24 20:51:45,21.81
2016/04/24 20:52:45,21.81
2016/04/24 20:53:46,21.81
2016/04/24 20:54:45,21.81
2016/04/24 20:55:45,21.87
2016/04/24 20:56:45,21.81
2016/04/24 20:57:45,21.81
2016/04/24 20:58:45,21.81
2016/04/24 20:59:45,21.87
2016/04/24 21:00:45,21.87
2016/04/24 21:01:45,21.87
2016/04/24 21:02:45,21.87
2016/04/24 21:03:45,21.87
2016/04/24 21:04:45,21.87
2016/04/24 21:05:46,21.81
2016/04/24 21:06:45,21.81
2016/04/24 21:07:45,21.81
2016/04/24 21:08:45,21.81
2016/04/24 21:09:46,21.81
2016/04/24 21:10:46,21.81
2016/04/24 21:11:45,21.81
2016/04/24 21:12:45,21.75
2016/04/24 21:13:45,21.75
2016/04/24 21:14:45,21.75
2016/04/24 21:15:46,21.75
2016/04/24 21:16:46,21.75
2016/04/24 21:17:45,21.75
2016/04/24 21:18:46,21.75
2016/04/24 21:19:45,21.75
2016/04/24 21:20:45,21.69
2016/04/24 21:21:45,21.69
2016/04/24 21:22:45,21.75
2016/04/24 21:23:45,21.69
2016/04/24 21:24:45,21.69
2016/04/24 21:25:45,21.69
2016/04/24 21:26:45,21.69
2016/04/24 21:27:46,21.69
2016/04/24 21:28:45,21.69
2016/04/24 21:29:46,21.69
2016/04/24 21:30:46,21.69
2016/04/24 21:31:46,21.69
2016/04/24 21:32:46,21.69
2016/04/24 21:33:45,21.69
2016/04/24 21:34:45,21.69
2016/04/24 21:35:45,21.62
2016/04/24 21:36:45,21.62
2016/04/24 21:37:45,21.62
2016/04/24 21:38:45,21.62
2016/04/24 21:39:45,21.62
2016/04/24 21:40:45,21.62
2016/04/24 21:41:45,21.62
2016/04/24 21:42:45,21.62
2016/04/24 21:43:45,21.62
2016/04/24 21:44:45,21.62
2016/04/24 21:45:46,21.62
2016/04/24 21:46:45,21.62
2016/04/24 21:47:46,21.62
2016/04/24 21:48:46,21.62
2016/04/24 21:49:46,21.62
2016/04/24 21:50:46,21.62
2016/04/24 21:51:45,21.62
2016/04/24 21:52:46,21.62
2016/04/24 21:53:45,21.62
2016/04/24 21:54:45,21.56
2016/04/24 21:55:45,21.56
2016/04/24 21:56:45,21.56
2016/04/24 21:57:45,21.56
2016/04/24 21:58:45,21.56
2016/04/24 21:59:45,21.56
2016/04/24 22:00:45,21.56
2016/04/24 22:01:45,21.56
2016/04/24 22:02:45,21.56
2016/04/24 22:03:45,21.56
2016/04/24 22:04:45,21.56
2016/04/24 22:05:45,21.56
2016/04/24 22:06:45,21.56
2016/04/24 22:07:45,21.56
2016/04/24 22:08:45,21.56
2016/04/24 22:09:45,21.56
2016/04/24 22:10:46,21.50
2016/04/24 22:11:47,21.50
2016/04/24 22:12:46,21.56
2016/04/24 22:13:45,21.56
2016/04/24 22:14:46,21.56
2016/04/24 22:15:46,21.56
2016/04/24 22:16:45,21.50
2016/04/24 22:17:45,21.50
2016/04/24 22:18:46,21.50
2016/04/24 22:19:46,21.50
2016/04/24 22:20:46,21.50
2016/04/24 22:21:46,21.50
2016/04/24 22:22:46,21.50
2016/04/24 22:23:46,21.50
2016/04/24 22:24:46,21.50
2016/04/24 22:25:47,21.50
2016/04/24 22:26:45,21.50
2016/04/24 22:27:45,21.50
2016/04/24 22:28:45,21.50
2016/04/24 22:29:45,21.50
2016/04/24 22:30:45,21.50
2016/04/24 22:31:45,21.50
2016/04/24 22:32:45,21.44
2016/04/24 22:33:45,21.50
2016/04/24 22:34:45,21.50
2016/04/24 22:35:45,21.44
2016/04/24 22:36:45,21.44
2016/04/24 22:37:45,21.44
2016/04/24 22:38:45,21.44
2016/04/24 22:39:45,21.44
2016/04/24 22:40:45,21.44
2016/04/24 22:41:45,21.44
2016/04/24 22:42:45,21.44
2016/04/24 22:43:45,21.44
2016/04/24 22:44:45,21.44
2016/04/24 22:45:46,21.44
2016/04/24 22:46:45,21.44
2016/04/24 22:47:45,21.44
2016/04/24 22:48:46,21.44
2016/04/24 22:49:46,21.44
2016/04/24 22:50:46,21.44
2016/04/24 22:51:46,21.44
2016/04/24 22:52:45,21.44
2016/04/24 22:53:46,21.44
2016/04/24 22:54:46,21.44
2016/04/24 22:55:46,21.44
2016/04/24 22:56:46,21.44
2016/04/24 22:57:46,21.44
2016/04/24 22:58:45,21.44
2016/04/24 22:59:45,21.44
2016/04/24 23:00:45,21.44
2016/04/24 23:01:45,21.44
2016/04/24 23:02:45,21.44
2016/04/24 23:03:45,21.37
2016/04/24 23:04:45,21.44
2016/04/24 23:05:45,21.44
2016/04/24 23:06:45,21.44
2016/04/24 23:07:45,21.37
2016/04/24 23:08:45,21.37
2016/04/24 23:09:45,21.37
2016/04/24 23:10:45,21.37
2016/04/24 23:11:45,21.37
2016/04/24 23:12:45,21.37
2016/04/24 23:13:45,21.37
2016/04/24 23:14:45,21.37
2016/04/24 23:15:45,21.37
2016/04/24 23:16:45,21.37
2016/04/24 23:17:45,21.37
2016/04/24 23:18:45,21.37
2016/04/24 23:19:45,21.37
2016/04/24 23:20:45,21.37
2016/04/24 23:21:46,21.37
2016/04/24 23:22:45,21.37
2016/04/24 23:23:45,21.31
2016/04/24 23:24:46,21.37
2016/04/24 23:25:45,21.37
2016/04/24 23:26:46,21.37
2016/04/24 23:27:46,21.37
2016/04/24 23:28:46,21.31
2016/04/24 23:29:46,21.37
2016/04/24 23:30:46,21.31
2016/04/24 23:31:45,21.31
2016/04/24 23:32:46,21.37
2016/04/24 23:33:46,21.31
2016/04/24 23:34:46,21.31
2016/04/24 23:35:46,21.37
2016/04/24 23:36:46,21.31
2016/04/24 23:37:46,21.31
2016/04/24 23:38:46,21.31
2016/04/24 23:39:46,21.31
2016/04/24 23:40:46,21.31
2016/04/24 23:41:46,21.31
2016/04/24 23:42:46,21.31
2016/04/24 23:43:46,21.31
2016/04/24 23:44:46,21.31
2016/04/24 23:45:46,21.31
2016/04/24 23:46:46,21.31
2016/04/24 23:47:46,21.31
2016/04/24 23:48:45,21.31
2016/04/24 23:49:45,21.31
2016/04/24 23:50:45,21.31
2016/04/24 23:51:45,21.31
2016/04/24 23:52:45,21.31
2016/04/24 23:53:45,21.31
2016/04/24 23:54:45,21.31
2016/04/24 23:55:45,21.31
2016/04/24 23:56:45,21.25
2016/04/24 23:57:45,21.31
2016/04/24 23:58:45,21.31
2016/04/24 23:59:45,21.31
2016/04/25 00:00:45,21.31
2016/04/25 00:01:45,21.25
2016/04/25 00:02:45,21.31
2016/04/25 00:03:46,21.25
2016/04/25 00:04:46,21.25
2016/04/25 00:05:45,21.25
2016/04/25 00:06:46,21.25
2016/04/25 00:07:46,21.25
2016/04/25 00:08:45,21.25
2016/04/25 00:09:46,21.25
2016/04/25 00:10:45,21.25
2016/04/25 00:11:45,21.25
2016/04/25 00:12:45,21.25
2016/04/25 00:13:45,21.25
2016/04/25 00:14:45,21.25
2016/04/25 00:15:45,21.25
2016/04/25 00:16:45,21.25
2016/04/25 00:17:45,21.25
2016/04/25 00:18:45,21.25
2016/04/25 00:19:45,21.25
2016/04/25 00:20:45,21.25
2016/04/25 00:21:45,21.25
2016/04/25 00:22:45,21.25
2016/04/25 00:23:45,21.25
2016/04/25 00:24:45,21.25
2016/04/25 00:25:45,21.25
2016/04/25 00:26:45,21.25
2016/04/25 00:27:45,21.25
2016/04/25 00:28:46,21.25
2016/04/25 00:29:45,21.25
2016/04/25 00:30:45,21.19
2016/04/25 00:31:45,21.25
2016/04/25 00:32:46,21.25
2016/04/25 00:33:45,21.25
2016/04/25 00:34:45,21.19
2016/04/25 00:35:46,21.25
2016/04/25 00:36:45,21.25
2016/04/25 00:37:45,21.19
2016/04/25 00:38:46,21.19
2016/04/25 00:39:46,21.19
2016/04/25 00:40:46,21.19
2016/04/25 00:41:46,21.25
2016/04/25 00:42:46,21.19
2016/04/25 00:43:45,21.19
2016/04/25 00:44:45,21.19
2016/04/25 00:45:45,21.19
2016/04/25 00:46:45,21.19
2016/04/25 00:47:45,21.19
2016/04/25 00:48:45,21.19
2016/04/25 00:49:45,21.19
2016/04/25 00:50:45,21.19
2016/04/25 00:51:45,21.19
2016/04/25 00:52:45,21.19
2016/04/25 00:53:45,21.19
2016/04/25 00:54:45,21.19
2016/04/25 00:55:45,21.19
2016/04/25 00:56:45,21.19
2016/04/25 00:57:45,21.19
2016/04/25 00:58:45,21.19
2016/04/25 00:59:45,21.19
2016/04/25 01:00:45,21.19
2016/04/25 01:01:45,21.12
2016/04/25 01:02:45,21.12
2016/04/25 01:03:45,21.12
2016/04/25 01:04:45,21.12
2016/04/25 01:05:45,21.12
2016/04/25 01:06:45,21.12
2016/04/25 01:07:45,21.12
2016/04/25 01:08:45,21.12
2016/04/25 01:09:45,21.12
2016/04/25 01:10:45,21.12
2016/04/25 01:11:45,21.12
2016/04/25 01:12:45,21.12
2016/04/25 01:13:45,21.12
2016/04/25 01:14:45,21.12
2016/04/25 01:15:46,21.12
2016/04/25 01:16:45,21.12
2016/04/25 01:17:46,21.12
2016/04/25 01:18:46,21.12
2016/04/25 01:19:46,21.12
2016/04/25 01:20:46,21.12
2016/04/25 01:21:46,21.12
2016/04/25 01:22:46,21.06
2016/04/25 01:23:46,21.06
2016/04/25 01:24:46,21.06
2016/04/25 01:25:45,21.06
2016/04/25 01:26:45,21.12
2016/04/25 01:27:45,21.12
2016/04/25 01:28:45,21.06
2016/04/25 01:29:45,21.06
2016/04/25 01:30:46,21.06
2016/04/25 01:31:45,21.06
2016/04/25 01:32:45,21.06
2016/04/25 01:33:45,21.06
2016/04/25 01:34:45,21.06
2016/04/25 01:35:45,21.06
2016/04/25 01:36:45,21.06
2016/04/25 01:37:45,21.06
2016/04/25 01:38:45,21.06
2016/04/25 01:39:45,21.06
2016/04/25 01:40:45,21.06
2016/04/25 01:41:45,21.06
2016/04/25 01:42:45,21.06
2016/04/25 01:43:45,21.06
2016/04/25 01:44:45,21.06
2016/04/25 01:45:45,21.06
2016/04/25 01:46:45,21.06
2016/04/25 01:47:45,21.06
2016/04/25 01:48:45,21.06
2016/04/25 01:49:45,21.06
2016/04/25 01:50:45,21.06
2016/04/25 01:51:45,21.06
2016/04/25 01:52:45,21.06
2016/04/25 01:53:45,21.06
2016/04/25 01:54:45,21.06
2016/04/25 01:55:45,21.06
2016/04/25 01:56:45,21.06
2016/04/25 01:57:45,21.06
2016/04/25 01:58:45,21.00
2016/04/25 01:59:45,21.00
2016/04/25 02:00:45,21.00
2016/04/25 02:01:45,21.00
2016/04/25 02:02:46,21.06
2016/04/25 02:03:46,21.00
2016/04/25 02:04:46,21.06
2016/04/25 02:05:46,21.00
2016/04/25 02:06:46,21.00
2016/04/25 02:07:45,21.00
2016/04/25 02:08:46,21.00
2016/04/25 02:09:45,21.00
2016/04/25 02:10:45,21.00
2016/04/25 02:11:45,21.00
2016/04/25 02:12:45,21.00
2016/04/25 02:13:45,21.06
2016/04/25 02:14:45,21.00
2016/04/25 02:15:45,21.00
2016/04/25 02:16:45,21.00
2016/04/25 02:17:45,21.00
2016/04/25 02:18:45,21.00
2016/04/25 02:19:45,21.00
2016/04/25 02:20:45,21.00
2016/04/25 02:21:45,21.00
2016/04/25 02:22:45,21.00
2016/04/25 02:23:45,21.00
2016/04/25 02:24:45,20.94
2016/04/25 02:25:45,20.94
2016/04/25 02:26:45,20.94
2016/04/25 02:27:45,20.94
2016/04/25 02:28:45,20.94
2016/04/25 02:29:45,20.94
2016/04/25 02:30:45,20.94
2016/04/25 02:31:45,20.94
2016/04/25 02:32:45,20.94
2016/04/25 02:33:46,20.94
2016/04/25 02:34:45,20.94
2016/04/25 02:35:45,20.94
2016/04/25 02:36:46,20.94
2016/04/25 02:37:46,20.94
2016/04/25 02:38:46,20.94
2016/04/25 02:39:46,20.94
2016/04/25 02:40:46,20.94
2016/04/25 02:41:46,20.94
2016/04/25 02:42:46,20.94
2016/04/25 02:43:45,20.94
2016/04/25 02:44:46,20.94
2016/04/25 02:45:46,20.94
2016/04/25 02:46:46,20.94
2016/04/25 02:47:45,20.94
2016/04/25 02:48:45,20.94
2016/04/25 02:49:45,20.94
2016/04/25 02:50:45,20.94
2016/04/25 02:51:45,20.94
2016/04/25 02:52:45,20.94
2016/04/25 02:53:45,20.94
2016/04/25 02:54:45,20.94
2016/04/25 02:55:45,20.87
2016/04/25 02:56:45,20.87
2016/04/25 02:57:45,20.87
2016/04/25 02:58:45,20.87
2016/04/25 02:59:45,20.87
2016/04/25 03:00:45,20.87
2016/04/25 03:01:45,20.87
2016/04/25 03:02:45,20.87
2016/04/25 03:03:45,20.87
2016/04/25 03:04:45,20.87
2016/04/25 03:05:45,20.87
2016/04/25 03:06:45,20.87
2016/04/25 03:07:45,20.87
2016/04/25 03:08:45,20.87
2016/04/25 03:09:45,20.87
2016/04/25 03:10:45,20.87
2016/04/25 03:11:45,20.87
2016/04/25 03:12:45,20.87
2016/04/25 03:13:45,20.87
2016/04/25 03:14:45,20.87
2016/04/25 03:15:45,20.87
2016/04/25 03:16:45,20.87
2016/04/25 03:17:45,20.87
2016/04/25 03:18:45,20.87
2016/04/25 03:19:46,20.87
2016/04/25 03:20:45,20.87
2016/04/25 03:21:46,20.87
2016/04/25 03:22:46,20.87
2016/04/25 03:23:46,20.87
2016/04/25 03:24:46,20.87
2016/04/25 03:25:46,20.81
2016/04/25 03:26:46,20.87
2016/04/25 03:27:46,20.81
2016/04/25 03:28:46,20.81
2016/04/25 03:29:46,20.81
2016/04/25 03:30:46,20.87
2016/04/25 03:31:45,20.81
2016/04/25 03:32:46,20.87
2016/04/25 03:33:45,20.81
2016/04/25 03:34:46,20.81
2016/04/25 03:35:46,20.81
2016/04/25 03:36:45,20.81
2016/04/25 03:37:46,20.81
2016/04/25 03:38:46,20.81
2016/04/25 03:39:46,20.81
2016/04/25 03:40:45,20.81
2016/04/25 03:41:45,20.81
2016/04/25 03:42:46,20.81
2016/04/25 03:43:45,20.81
2016/04/25 03:44:46,20.81
2016/04/25 03:45:45,20.81
2016/04/25 03:46:45,20.81
2016/04/25 03:47:45,20.81
2016/04/25 03:48:45,20.81
2016/04/25 03:49:45,20.81
2016/04/25 03:50:45,20.81
2016/04/25 03:51:45,20.87
2016/04/25 03:52:45,20.81
2016/04/25 03:53:45,20.81
2016/04/25 03:54:45,20.81
2016/04/25 03:55:45,20.75
2016/04/25 03:56:45,20.75
2016/04/25 03:57:45,20.81
2016/04/25 03:58:45,20.75
2016/04/25 03:59:45,20.75
2016/04/25 04:00:45,20.75
2016/04/25 04:01:45,20.81
2016/04/25 04:02:45,20.75
2016/04/25 04:03:45,20.75
2016/04/25 04:04:45,20.75
2016/04/25 04:05:46,20.75
2016/04/25 04:06:45,20.75
2016/04/25 04:07:45,20.75
2016/04/25 04:08:46,20.75
2016/04/25 04:09:45,20.75
2016/04/25 04:10:45,20.75
2016/04/25 04:11:45,20.75
2016/04/25 04:12:45,20.75
2016/04/25 04:13:45,20.75
2016/04/25 04:14:45,20.75
2016/04/25 04:15:45,20.75
2016/04/25 04:16:45,20.75
2016/04/25 04:17:46,20.75
2016/04/25 04:18:46,20.75
2016/04/25 04:19:45,20.75
2016/04/25 04:20:46,20.75
2016/04/25 04:21:46,20.75
2016/04/25 04:22:45,20.75
2016/04/25 04:23:45,20.69
2016/04/25 04:24:45,20.75
2016/04/25 04:25:45,20.75
2016/04/25 04:26:45,20.75
2016/04/25 04:27:45,20.75
2016/04/25 04:28:45,20.75
2016/04/25 04:29:45,20.69
2016/04/25 04:30:45,20.69
2016/04/25 04:31:45,20.69
2016/04/25 04:32:45,20.69
2016/04/25 04:33:45,20.75
2016/04/25 04:34:45,20.69
2016/04/25 04:35:45,20.69
2016/04/25 04:36:45,20.69
2016/04/25 04:37:45,20.69
2016/04/25 04:38:45,20.69
2016/04/25 04:39:45,20.69
2016/04/25 04:40:45,20.69
2016/04/25 04:41:45,20.69
2016/04/25 04:42:45,20.69
2016/04/25 04:43:45,20.69
2016/04/25 04:44:45,20.69
2016/04/25 04:45:45,20.69
2016/04/25 04:46:46,20.69
2016/04/25 04:47:45,20.69
2016/04/25 04:48:46,20.69
2016/04/25 04:49:45,20.69
2016/04/25 04:50:45,20.62
2016/04/25 04:51:46,20.69
2016/04/25 04:52:46,20.62
2016/04/25 04:53:46,20.69
2016/04/25 04:54:45,20.69
2016/04/25 04:55:46,20.62
2016/04/25 04:56:46,20.69
2016/04/25 04:57:46,20.69
2016/04/25 04:58:45,20.62
2016/04/25 04:59:46,20.62
2016/04/25 05:00:45,20.69
2016/04/25 05:01:45,20.62
2016/04/25 05:02:45,20.62
2016/04/25 05:03:45,20.62
2016/04/25 05:04:45,20.62
2016/04/25 05:05:45,20.62
2016/04/25 05:06:45,20.62
2016/04/25 05:07:45,20.62
2016/04/25 05:08:45,20.62
2016/04/25 05:09:45,20.62
2016/04/25 05:10:45,20.62
2016/04/25 05:11:45,20.62
2016/04/25 05:12:45,20.62
2016/04/25 05:13:45,20.62
2016/04/25 05:14:45,20.62
2016/04/25 05:15:45,20.62
2016/04/25 05:16:45,20.62
2016/04/25 05:17:45,20.62
2016/04/25 05:18:45,20.62
2016/04/25 05:19:45,20.62
2016/04/25 05:20:45,20.62
2016/04/25 05:21:45,20.62
2016/04/25 05:22:45,20.62
2016/04/25 05:23:46,20.62
2016/04/25 05:24:45,20.56
2016/04/25 05:25:46,20.56
2016/04/25 05:26:45,20.56
2016/04/25 05:27:46,20.56
2016/04/25 05:28:46,20.56
2016/04/25 05:29:46,20.56
2016/04/25 05:30:46,20.56
2016/04/25 05:31:46,20.56
2016/04/25 05:32:45,20.56
2016/04/25 05:33:46,20.56
2016/04/25 05:34:46,20.56
2016/04/25 05:35:45,20.56
2016/04/25 05:36:45,20.56
2016/04/25 05:37:46,20.56
2016/04/25 05:38:45,20.56
2016/04/25 05:39:45,20.56
2016/04/25 05:40:45,20.56
2016/04/25 05:41:45,20.56
2016/04/25 05:42:45,20.56
2016/04/25 05:43:45,20.56
2016/04/25 05:44:45,20.56
2016/04/25 05:45:45,20.56
2016/04/25 05:46:45,20.56
2016/04/25 05:47:45,20.56
2016/04/25 05:48:45,20.56
2016/04/25 05:49:45,20.56
2016/04/25 05:50:45,20.56
2016/04/25 05:51:45,20.56
2016/04/25 05:52:45,20.56
2016/04/25 05:53:45,20.56
2016/04/25 05:54:45,20.56
2016/04/25 05:55:45,20.56
2016/04/25 05:56:45,20.56
2016/04/25 05:57:45,20.50
2016/04/25 05:58:45,20.50
2016/04/25 05:59:45,20.56
2016/04/25 06:00:45,20.56
2016/04/25 06:01:45,20.50
2016/04/25 06:02:45,20.50
2016/04/25 06:03:45,20.50
2016/04/25 06:04:45,20.56
2016/04/25 06:05:45,20.50
2016/04/25 06:06:45,20.56
2016/04/25 06:07:45,20.56
2016/04/25 06:08:45,20.50
2016/04/25 06:09:45,20.50
2016/04/25 06:10:45,20.50
2016/04/25 06:11:45,20.56
2016/04/25 06:12:45,20.50
2016/04/25 06:13:45,20.50
2016/04/25 06:14:45,20.50
2016/04/25 06:15:45,20.56
2016/04/25 06:16:45,20.50
2016/04/25 06:17:45,20.50
2016/04/25 06:18:45,20.50
2016/04/25 06:19:45,20.50
2016/04/25 06:20:45,20.50
2016/04/25 06:21:45,20.50
2016/04/25 06:22:45,20.50
2016/04/25 06:23:45,20.50
2016/04/25 06:24:45,20.50
2016/04/25 06:25:45,20.50
2016/04/25 06:26:45,20.50
2016/04/25 06:27:45,20.50
2016/04/25 06:28:45,20.50
2016/04/25 06:29:45,20.50
2016/04/25 06:30:46,20.50
2016/04/25 06:31:45,20.50
2016/04/25 06:32:45,20.50
2016/04/25 06:33:46,20.50
2016/04/25 06:34:46,20.50
2016/04/25 06:35:46,20.50
2016/04/25 06:36:46,20.50
2016/04/25 06:37:46,20.50
2016/04/25 06:38:46,20.50
2016/04/25 06:39:46,20.50
2016/04/25 06:40:46,20.50
2016/04/25 06:41:45,20.50
2016/04/25 06:42:45,20.50
2016/04/25 06:43:46,20.50
2016/04/25 06:44:46,20.50
2016/04/25 06:45:45,20.50
2016/04/25 06:46:46,20.44
2016/04/25 06:47:45,20.44
2016/04/25 06:48:46,20.44
2016/04/25 06:49:45,20.44
2016/04/25 06:50:45,20.50
2016/04/25 06:51:46,20.50
2016/04/25 06:52:45,20.44
2016/04/25 06:53:45,20.44
2016/04/25 06:54:45,20.50
2016/04/25 06:55:45,20.44
2016/04/25 06:56:45,20.44
2016/04/25 06:57:45,20.50
2016/04/25 06:58:45,20.44
2016/04/25 06:59:45,20.44
2016/04/25 07:00:45,20.44
2016/04/25 07:01:45,20.44
2016/04/25 07:02:45,20.44
2016/04/25 07:03:45,20.44
2016/04/25 08:32:45,21.56
2016/04/25 08:33:45,21.62
2016/04/25 08:34:45,21.44
2016/04/25 08:35:45,21.31
2016/04/25 08:36:45,21.25
2016/04/25 08:37:45,21.25
2016/04/25 08:38:45,21.37
2016/04/25 08:39:45,21.50
2016/04/25 08:40:45,21.81
2016/04/25 08:41:45,21.69
2016/04/25 08:42:45,21.50
2016/04/25 08:43:45,21.37
2016/04/25 08:44:45,21.31
2016/04/25 08:45:45,21.25
2016/04/25 08:46:45,21.19
2016/04/25 08:47:46,21.12
2016/04/25 08:48:45,21.12
2016/04/25 08:49:45,21.06
2016/04/25 08:50:45,21.00
2016/04/25 08:51:45,20.94
2016/04/25 08:52:45,20.94
2016/04/25 08:53:45,21.00
2016/04/25 08:54:45,21.00
2016/04/25 08:55:45,20.94
2016/04/25 08:56:45,21.06
2016/04/25 08:57:45,20.94
2016/04/25 08:58:45,21.00
2016/04/25 08:59:45,21.00
2016/04/25 09:00:45,21.00
2016/04/25 09:01:45,21.06
2016/04/25 09:02:45,21.00
2016/04/25 09:03:45,21.06
2016/04/25 09:04:45,21.06
2016/04/25 09:05:45,21.06
2016/04/25 09:06:45,21.06
2016/04/25 09:07:45,21.06
